{
    "descript": " 개발 입문생 입니다.. ",
    "workExp" : "업무 경력",
    "myEdu" : "학습 이력",
    "work": [
        {
            "id": 1,
            "title": "경매사이트 제작 (팀프로젝트)",
            "wdate": "2025. 03. 01 ~ 2025. 06. 10",
            "subject": "경매사이트 '다경매' 제작 (팀프로젝트)",
            "content": "[참가팀원: 홍길동, 홍길자, 홍길순, 홍홍홍] 팀프로젝트다. 어렵다. 다했다. 마쉐이!!"
        },
        {
            "id": 2,
            "title": "홈페이지 제작 ",
            "wdate": "2025. 03. 10 ~ 2025. 04. 10",
            "subject": "우리집 홈페이제 제작",
            "content": "[참가팀원: 홍길동, 홍길자, 홍길순, 홍홍홍] 팀프로젝트다. 어렵다. 다했다. 마쉐이!!"
        },
        {
            "id": 3,
            "title": "경매사이트 제작 (팀프로젝트)",
            "wdate": "2025. 03. 01 ~ 2025. 06. 10",
            "subject": "경매사이트 '다경매' 제작 (팀프로젝트)",
            "content": "[참가팀원: 홍길동, 홍길자, 홍길순, 홍홍홍] 팀프로젝트다. 어렵다. 다했다. 마쉐이!!"
        }
    ],
    "education": [
        {
            "id": 1,
            "title": "개인공부",
            "wdate": "2024. 10. 01 ~ 2025. 11. 20",
            "subject": "Java기초 교육 ",
            "content": "평생 처음 해봐서 모른다 그냥 따라 했다 !!"
        },
        {
            "id": 2,
            "title": "이젠콤퓨터하권",
            "wdate": "2024. 12. 26 ~ 2025. 06. 30",
            "subject": "HTML, CSS, JavaScript, Java, Spring, MySQL ",
            "content": "어렵다.  현재 진행중 !!"
        }
    ]
}